#Stakeholder,Obj1,Obj2
sh1,0.0015430492,1
sh2,1,-0.0095782439
sh3,0.4971689545,0.4390337111
sh4,1,-0.0099135402
sh5,0.004027977,1
