#Stakeholder,Obj1,Obj2
sh1,0.0008795101,1
sh2,1,0.0196508761
sh3,0.5426496285,0.3433942227
sh4,0.9206476272,0.062262212
sh5,0.0019704555,1
